{
  "horizon_days": 365,
  "n_paths": 50000,
  "model": "garch",
  "VaR": {
    "0.95": 0.9727062749088093,
    "0.99": 1.7812294077336779
  },
  "CVaR": {
    "0.95": 1.4947149464423823,
    "0.99": 2.349954778987819
  },
  "expected_log_return": 0.633188682522626,
  "prob_loss": 0.25156,
  "avg_max_drawdown": -0.5745366379257515,
  "ruin_prob_50pct": 0.25178
}