{
  "horizon_days": 365,
  "n_paths": 50000,
  "model": "garch",
  "VaR": {
    "0.95": 0.972707211958385,
    "0.99": 1.7812300757796178
  },
  "CVaR": {
    "0.95": 1.494715208918386,
    "0.99": 2.349954445225206
  },
  "expected_log_return": 0.6331877941809075,
  "prob_loss": 0.25156,
  "avg_max_drawdown": -0.5745366588993389,
  "ruin_prob_50pct": 0.25178
}